<?xml version="1.0" encoding="UTF-8"?>
<metadata xml:lang="en"><Esri><CreaDate>20191126</CreaDate><CreaTime>13422600</CreaTime><ArcGISFormat>1.0</ArcGISFormat><SyncOnce>TRUE</SyncOnce><DataProperties><lineage><Process ToolSource="c:\program files (x86)\arcgis\desktop10.4\ArcToolbox\Toolboxes\Data Management Tools.tbx\CalculateField" Date="20191126" Time="134226">CalculateField poligonos_provincia_etrs89 prov [CODINE] VB #</Process><Process ToolSource="c:\program files (x86)\arcgis\desktop10.4\ArcToolbox\Toolboxes\Data Management Tools.tbx\CalculateField" Date="20191204" Time="131512">CalculateField poligonos_provincia_etrs89 code [CODINE] VB #</Process></lineage></DataProperties></Esri></metadata>
